url,estado,title,long_title,meta_description,long_meta,h1,canonical,meta_robots,palabras_aprox,tiene_formulario,tiene_cta_cotizar,tiene_whatsapp,n_enlaces_internos_aprox,notas_problemas
"/","OK","Tarimas en San Luis Potosí | BestPack Solutions | Empaque Industrial",68,"BestPack Solutions fabrica tarimas de madera, tarimas HT NOM-144, tarimas recicladas, huacales, cajas de cartón corrugado y soluciones de empaque industrial en San Luis Potosí y todo México.",190,"Fabricantes de tarimas de madera y soluciones integrales de empaque industrial","https://www.bestpack.com.mx/","index, follow, max-image-preview:large",1850,"si","si","si",45,"Meta 190c (>165); title 68c largo; title canibaliza a /tarimas-san-luis-potosi (misma keyword 'Tarimas en San Luis Potosí'); H1 canibaliza a /fabricantes-de-tarimas; badge interno 'Mayor crecimiento' visible en División 03; promesa absoluta: H2 'Líderes en soluciones integrales' y FAQ '¿Cuál es la mejor empresa de tarimas?'; cifras: +2M tarimas anuales / 170K-170,000 tarimas mensuales / 2 plantas SLP-Saltillo / 175+ colaboradores / 32 estados; único con formulario (Nombre/Empresa/Correo/Enviar cotización, envía vía WhatsApp, sin página de gracias propia)"
"/fabricantes-de-tarimas","OK","Fabricantes de Tarimas de Madera en México | BestPack Solutions",63,"Fabricantes de tarimas de madera en México con plantas en SLP y Saltillo y capacidad de 170,000 tarimas al mes. Tarimas nuevas, recicladas y para exportación HT. Cotiza hoy.",173,"Fabricantes de tarimas de madera en México","https://www.bestpack.com.mx/fabricantes-de-tarimas","index, follow, max-image-preview:large",1500,"no","si","si",36,"Meta 173c (>165); H1 casi duplicado con H1 de la home (canibalización 'fabricantes de tarimas de madera'); FAQ '¿Quién es el mejor fabricante...?' (responde 'uno de los principales', semi-absoluta); cifras: 170,000 tarimas/mes; ~2 millones/año; plantas SLP y Saltillo; clientes Daikin, Magna, Bimbo, L'Oréal, Daltile, Contitech"
"/embalajes-industriales","OK","Embalajes Industriales a la Medida en Mexico | BestPack Solutions",65,"Embalajes industriales a la medida fabricados en Mexico: huacales, cajas de carton, empaque retornable, tarimas y consumibles. Ingenieria de empaque, NOM-144 e ISPM-15. Cotiza hoy.",180,"Embalajes industriales a la medida en México","https://www.bestpack.com.mx/embalajes-industriales","index, follow, max-image-preview:large",1450,"no","si","si",35,"Meta 180c (>165); title y meta SIN acentos ('Mexico','carton','Ingenieria') mientras el H1 sí los lleva (inconsistencia); cifras: capacidad de tarimas '+2M al año'; 2 plantas SLP y Saltillo; 5 divisiones"
"/tarimas-de-madera","OK","Tarimas de Madera Nuevas, Recicladas e Híbridas | BestPack Solutions",68,"Tarimas de madera nuevas, recicladas, híbridas y para exportación fabricadas en México. Medidas 48x40, 48x45 y especiales, alta capacidad de carga. Cotiza hoy.",159,"Tarimas de madera fabricadas en México","https://www.bestpack.com.mx/tarimas-de-madera","index, follow, max-image-preview:large",1450,"no","si","si",34,"Meta OK (159c); title 68c largo; cifras: 'superior a 2 millones de tarimas anuales' / '170,000 al mes' / '+2M/año' / 2 plantas; carga: 1,000-1,500 kg dinámica y hasta 4,000 kg estática (CONTRADICE a /blog/precio-de-tarimas que dice ~1,500 kg estática); medida '1.0 x 1.2 m' listada sin llamarla europalet"
"/tarimas-para-exportacion","OK","Tarimas para Exportación HT NOM-144 / ISPM-15 | BestPack",56,"Tarimas para exportación con tratamiento térmico HT conforme a NOM-144 e ISPM-15, marcadas con sello IPPC y listas para aduana. Fabricación con +2 millones de tarimas al año en SLP y Saltillo. Cotiza hoy.",204,"Tarimas para exportación con tratamiento térmico HT","https://www.bestpack.com.mx/tarimas-para-exportacion","index, follow, max-image-preview:large",1600,"no","si","si",34,"Meta 204c (>165); ERROR TÉCNICO: lista '1.0 x 1.2 m (europalet)' — el europalet real mide 1.2 x 0.8 m (los posts /blog/medidas-estandar y /blog/cuanto-peso sí dicen 1200x800: contradicción interna); cifras: '+2 millones de tarimas al año' (x3), 56°C/30 min, 180 países"
"/tarimas-recicladas","OK","Tarimas Recicladas y Reacondicionadas | BestPack Solutions",58,"Tarimas recicladas y reacondicionadas: ahorra hasta 50% frente a las nuevas con la misma funcionalidad. Opción sustentable con Garantía Total. Cotiza hoy.",154,"Tarimas recicladas: ahorro y sustentabilidad",https://www.bestpack.com.mx/tarimas-recicladas,"index, follow, max-image-preview:large",1250,"no","si","si",30,"Meta OK (154c); hero y meta prometen 'ahorro de hasta 50%' pero el cuerpo matiza '30% al 50%'; grados A y B aquí vs A/B/C en /blog/precio-de-tarimas (inconsistencia menor)"
"/huacales-de-madera","OK","Huacales de Madera para Fruta, Verdura y Exportación | BestPack Solutions",73,"Huacales de madera para fruta, verdura y producto agrícola, además de cajones y embalaje marítimo industrial. Ventilados, resistentes y con tratamiento térmico HT NOM-144 / ISPM-15 para exportación de perecederos. Fabricación en SLP y Saltillo. Cotiza hoy.",256,"Huacales de madera para fruta, verdura y exportación","https://www.bestpack.com.mx/huacales-de-madera","index, follow, max-image-preview:large",1600,"no","si","si",33,"Meta 256c MUY larga (>165); title 73c largo; cifras: '+2M tarimas/año' y 'superior a 2 millones de tarimas y embalajes al año'; 2 plantas SLP y Saltillo; medidas agrícolas 40x30 y 60x40 cm"
"/cajas-de-carton-corrugado","OK","Cajas de Cartón Corrugado a la Medida | BestPack Solutions",58,"Cajas de cartón corrugado a la medida para la industria: cajas regulares, troqueladas, agrícolas hasta 4 tintas, insertos, divisiones EPE, esquineros y tarima de cartón. Cotiza con impresión personalizada en SLP.",212,"Cajas de cartón corrugado para la industria","https://www.bestpack.com.mx/cajas-de-carton-corrugado","index, follow, max-image-preview:large",1250,"no","si","si",30,"Meta 212c (>165); MENCIÓN '4 tintas'/'hasta 4 tintas' repetida en meta, hero, catálogo (caja agrícola), stat '4 Tintas de impresión', sección de impresión y FAQ — verificar que la capacidad real de impresión sea 4 tintas; footer usa columna 'Productos' distinta al resto (inconsistencia de plantilla)"
"/empaque-retornable","OK","Empaque Retornable Industrial: Totes, Bins y Coroplast | BestPack",65,"Empaque retornable industrial: cajas ESD, coroplast, sleeve packs, bins, tarimas plásticas, totes con tapa, bins plegables y foam convertido. Reduce tu costo logístico vs desechable. Cotiza en SLP.",197,"Empaque retornable que reduce tu costo logístico","https://www.bestpack.com.mx/empaque-retornable","index, follow, max-image-preview:large",1200,"no","si","si",31,"Meta 197c (>165); cifra '100+ ciclos de uso'; división marcada en home con badge interno 'Mayor crecimiento'"
"/logistica-3pl","OK","Logística y 3PL Integrados a tu Empaque | BestPack Solutions",60,"Logística y 3PL en SLP y Saltillo: almacenaje, cross dock, picking, packing e inventario administrado (VMI) de cualquier producto. Cobertura nacional. Cotiza hoy.",162,"Logística y 3PL integrados a tu empaque","https://www.bestpack.com.mx/logistica-3pl","index, follow, max-image-preview:large",1400,"no","si","si",30,"Meta OK (162c); MENSAJES INTERNOS visibles: badge 'Nueva línea: almacenaje e inventarios' y H3 'Empaque + 3PL: eficiencia e ingreso recurrente' — 'ingreso recurrente' es argumento interno de negocio no orientado al cliente; promete 'te respondemos el mismo día'"
"/consumibles-industriales","OK","Consumibles y Complementos de Empaque Industrial | BestPack Solutions",69,"Consumibles de empaque industrial: stretch film, fleje plástico y metálico, cintas, desecantes, bolsas ESD/VCI, esquineros y amortiguamiento. Suministro continuo e inventarios administrados con cobertura nacional desde SLP.",223,"Consumibles y complementos de empaque industrial",https://www.bestpack.com.mx/consumibles-industriales,"index, follow, max-image-preview:large",1100,"no","si","si",30,"Meta 223c (>165); title 69c largo; promete 'te respondemos el mismo día'; sin cifras de capacidad"
"/aviso-de-privacidad","OK","Aviso de Privacidad | BestPack Solutions",40,"Aviso de privacidad de BestPack Solutions SA de CV: cómo recabamos, usamos y protegemos tus datos personales conforme a la LFPDPPP. Derechos ARCO y contacto.",157,"Aviso de Privacidad","https://www.bestpack.com.mx/aviso-de-privacidad","index, follow",650,"no","si (solo nav)","si",26,"Meta OK (157c); robots sin max-image-preview (inconsistencia menor); declara Google Analytics, Google Ads y píxel de Meta; última actualización agosto 2026"
"/industria-automotriz","OK","Empaque y Tarimas para la Industria Automotriz | BestPack",57,"Empaque para la industria automotriz: tarimas a especificación, empaque retornable (totes, bins, racks, ESD), dunnage y embalaje de exportación HT (NOM-144 / ISPM-15) con entregas JIT/JIS en el clúster automotriz mexicano.",222,"Soluciones de empaque para la industria automotriz","https://www.bestpack.com.mx/industria-automotriz","index, follow, max-image-preview:large",1100,"no","si","si",31,"Meta 222c (>165); cifras: 'más de 2 millones de tarimas anuales' / '+2M/año'; 2 plantas SLP y Saltillo"
"/casos-de-exito","OK","Casos de Exito y Clientes | BestPack Solutions",46,"Casos de éxito y clientes de BestPack Solutions: soluciones de empaque industrial, tarimas y logística por industria (automotriz, electrónica, alimentos, farmacéutica, manufactura, construcción y exportación). Construyamos tu caso.",231,"Casos de éxito","https://www.bestpack.com.mx/casos-de-exito","index, follow, max-image-preview:large",1400,"no","si","si",40,"Meta 231c (>165); title sin acento ('Exito') pero og:title con acento (inconsistencia); casos sin cifras de resultado (genéricos por confidencialidad, con disclaimer 'marcas con fines ilustrativos'); cifras: '+2M tarimas/año', 2 plantas; logos Daikin/Magna/Bimbo/L'Oréal/Daltile/Continental; 7 guías descargables solo vía WhatsApp (sin captura de correo)"
"/tarimas-san-luis-potosi","OK","Tarimas en San Luis Potosí | Fabricantes de Tarimas de Madera — BestPack Solutions",82,"Fabricantes de tarimas en San Luis Potosí: tarimas de madera nuevas, recicladas, para exportación (HT NOM-144 / ISPM-15), automotrices y personalizadas en medidas 48x40, 48x45 y especiales. Capacidad de 170,000 tarimas/mes. Cotiza hoy.",235,"Tarimas en San Luis Potosí: fabricación de tarimas de madera, recicladas y para exportación","https://www.bestpack.com.mx/tarimas-san-luis-potosi","index, follow, max-image-preview:large",1100,"no","si","si",34,"Meta 235c (>165); title 82c MUY largo y CANIBALIZA con el title de la home ('Tarimas en San Luis Potosí'); promesa absoluta: H2 '¿Por qué BestPack Solutions es líder en tarimas en San Luis Potosí?'; cifras: 170,000 tarimas mensuales (x3); página madre de las 6 páginas de zona SLP"
"/tarimas-queretaro","OK","Fabricante de Tarimas en Querétaro | BestPack Solutions",55,"Fabricante de tarimas en Querétaro: tarimas de madera, recicladas, automotrices y para exportación HT (NOM-144 / ISPM-15). Entregas al corredor del Bajío desde plantas en SLP y Saltillo. Cotiza hoy.",198,"Fabricante de tarimas en Querétaro","https://www.bestpack.com.mx/tarimas-queretaro","index, follow, max-image-preview:large",1250,"no","si","si",33,"Meta 198c (>165); plantilla ciudad ~60% similar a otras (secciones y frases idénticas: 'Garantía Total...', 'Tarimas híbridas: combinan componentes...'); promesa absoluta en FAQ '¿Quién es el mejor fabricante de tarimas en Querétaro?'; cifras: '+2 millones de tarimas/año' (x4); nota: se anuncia como 'fabricante EN Querétaro' pero entrega desde SLP/Saltillo (riesgo de expectativa/local SEO)"
"/tarimas-guanajuato","OK","Fabricante de Tarimas en Guanajuato y el Bajío | BestPack",57,"Fabricante de tarimas en Guanajuato: tarimas de madera, automotrices y para exportación HT (NOM-144 / ISPM-15) para Silao, León, Celaya, Irapuato y Salamanca. Entregas al Bajío desde plantas en SLP y Saltillo.",209,"Tarimas en Guanajuato: Silao, León y Celaya",https://www.bestpack.com.mx/tarimas-guanajuato,"index, follow, max-image-preview:large",1250,"no","si","si",33,"Meta 209c (>165); plantilla ciudad ~60% similar (bloques verbatim compartidos con Querétaro/León); cifras: '+2 millones de tarimas anuales' (x3); solapamiento parcial de keywords con /tarimas-leon (León aparece en H1 de ambas)"
"/tarimas-saltillo","OK","Tarimas de Madera en Saltillo y Ramos Arizpe | BestPack",55,"Tarimas de madera en Saltillo y Ramos Arizpe con planta propia en Coahuila: entregas rápidas, empaque retornable y tarimas para exportación HT (NOM-144 / ISPM-15) para el clúster automotriz. Cotiza hoy.",202,"Tarimas en Saltillo y Ramos Arizpe con planta propia","https://www.bestpack.com.mx/tarimas-saltillo","index, follow, max-image-preview:large",1100,"no","si","si",32,"Meta 202c (>165); cifras: 'PLANTA PROPIA en Saltillo', 'más de 2 millones de tarimas anuales', 'capacidad combinada' 2 plantas; menciona clientes GM y Stellantis del clúster (verificar permiso de mención); plantilla ciudad ~55% similar"
"/tarimas-aguascalientes","OK","Tarimas en Aguascalientes: Fabricante con Entrega | BestPack Solutions",70,"Tarimas en Aguascalientes: fabricante de tarimas de madera, recicladas, automotrices y para exportación HT (NOM-144 / ISPM-15). Entregas al clúster automotriz de Nissan y sus proveedores desde nuestra planta en San Luis Potosí (~2 h). Cotiza hoy.",246,"Tarimas en Aguascalientes","https://www.bestpack.com.mx/tarimas-aguascalientes","index, follow, max-image-preview:large",1500,"no","si","si",34,"Meta 246c (>165); title 70c largo, patrón 'Fabricante con Entrega' duplicado con Zac/León/Mty/Gdl/Puebla (6 titles casi idénticos); cifras: '+2 millones de tarimas/año', entrega ~2 h desde SLP; mucho name-dropping (Nissan, Douki Seisan, Vesta) sin relación comercial declarada"
"/tarimas-zacatecas","OK","Tarimas en Zacatecas: Fabricante con Entrega | BestPack Solutions",65,"Tarimas en Zacatecas: fabricante de tarimas de madera, recicladas y para exportación HT (NOM-144 / ISPM-15) para minería, agroindustria y manufactura. Entrega desde nuestra planta de San Luis Potosí (~2 h). Cotiza hoy.",218,"Tarimas en Zacatecas","https://www.bestpack.com.mx/tarimas-zacatecas","index, follow, max-image-preview:large",1500,"no","si","si",33,"Meta 218c (>165); title patrón duplicado (6 ciudades); cifras: '170,000 tarimas al mes' y '170K tarimas/mes', ~2 h por carretera 49; menciona CESANTONI (cliente en pipeline BestPack), Peñoles, Grupo Modelo, Triumph sin relación declarada; plantilla ciudad ~60% similar"
"/tarimas-leon","OK","Tarimas en León: Fabricante con Entrega | BestPack Solutions",60,"Tarimas en León Guanajuato: tarimas de madera, recicladas y para exportación HT (NOM-144 / ISPM-15) para calzado, cuero y automotriz del Bajío. Entrega desde nuestra planta en San Luis Potosí (~3 h). Cotiza hoy.",211,"Tarimas en León, Guanajuato","https://www.bestpack.com.mx/tarimas-leon","index, follow, max-image-preview:large",1450,"no","si","si",34,"Meta 211c (>165); title patrón duplicado (6 ciudades); solapamiento con /tarimas-guanajuato (León en ambas); cifras: '+2 millones de tarimas anuales', ~3 h carretera 80, '75% de la producción nacional de calzado', '690 millones de dólares'"
"/tarimas-monterrey","OK","Tarimas en Monterrey: Fabricante con Entrega | BestPack Solutions",65,"Tarimas en Monterrey con entrega rápida: surtimos Apodaca, Santa Catarina, Guadalupe y Ciénega de Flores desde nuestra planta en Saltillo (a ~1 h). Tarimas de madera, recicladas y para exportación HT (NOM-144 / ISPM-15). Cotiza hoy.",232,"Tarimas en Monterrey con entrega rápida","https://www.bestpack.com.mx/tarimas-monterrey","index, follow, max-image-preview:large",1450,"no","si","si",33,"Meta 232c (>165); title patrón duplicado (6 ciudades); promesa absoluta en FAQ '¿Quién es el mejor fabricante de tarimas en Monterrey?'; cifras: planta Saltillo a ~1 h, '+2 millones de tarimas/año', '40% de las autopartes de México'; plantilla ciudad ~60% similar"
"/tarimas-guadalajara","OK","Tarimas en Guadalajara: Fabricante con Entrega | BestPack Solutions",67,"Tarimas en Guadalajara: fabricante de tarimas de madera, recicladas y para exportación HT (NOM-144 / ISPM-15) con entrega al corredor de El Salto, Tlajomulco y Zapopan. Empaque para electrónica y agroalimentos. Cotiza hoy.",222,"Tarimas en Guadalajara","https://www.bestpack.com.mx/tarimas-guadalajara","index, follow, max-image-preview:large",1400,"no","si","si",34,"Meta 222c (>165); title 67c patrón duplicado (6 ciudades); cifras: '+2 millones de tarimas anuales', entrega ~5 h desde SLP (honesto pero débil como argumento local); menciona Foxconn y Aptiv sin relación declarada; plantilla ciudad ~60% similar"
"/tarimas-puebla","OK","Tarimas en Puebla: Fabricante con Entrega | BestPack Solutions",62,"Tarimas en Puebla para el clúster automotriz de VW y Audi: tarimas de madera, recicladas y para exportación HT (NOM-144 / ISPM-15). Programas de suministro y proyectos de volumen al corredor Puebla–San José Chiapa desde la planta de SLP. Cotiza hoy.",249,"Tarimas en Puebla con entrega y programas de suministro","https://www.bestpack.com.mx/tarimas-puebla","index, follow, max-image-preview:large",1450,"no","si","si",33,"Meta 249c (>165); title patrón duplicado (6 ciudades); cifras: '+2 millones/año', distancia ~5-6 h admitida ('no competimos por el pedido urgente'), '455 mil vehículos', '80% exportación'; menciona VW y Audi sin relación declarada; plantilla ciudad ~60% similar"
"/tarimas-zona-industrial-san-luis-potosi","OK","Tarimas en Zona Industrial de San Luis Potosi | BestPack Solutions",66,"Tarimas en la Zona Industrial de San Luis Potosi: de madera, recicladas y para exportacion HT (NOM-144 / ISPM-15). Entrega desde nuestra planta local a empresas de Av. CFE, los ejes 100 al 140 y CP 78395. Cotiza al 444 829 0377.",228,"Tarimas en Zona Industrial de San Luis Potosi","https://www.bestpack.com.mx/tarimas-zona-industrial-san-luis-potosi","index, follow, max-image-preview:large",1350,"no","si","si",35,"Meta 228c (>165); title/H1/meta SIN acento ('Potosi','exportacion') — inconsistente con el resto del sitio; cifras: '170K tarimas/mes', 'más de 170,000 al mes y más de 2 millones al año', zona de 3,800 hectáreas y 180,000 empleos; plantilla zona ~65% similar a Logistik/WTC/Eje140/TresNaciones"
"/tarimas-parque-logistik","OK","Tarimas en Parque Logistik (San Luis Potosí) | BestPack Solutions",65,"Tarimas en Parque Logistik, Villa de Reyes (carretera 57). BestPack Solutions surte tarimas de madera, recicladas y para exportación HT (NOM-144 / ISPM-15) al parque industrial más grande de SLP desde nuestra planta local. Cotiza al 444 829 0377.",246,"Tarimas en Parque Logistik (San Luis Potosí)","https://www.bestpack.com.mx/tarimas-parque-logistik","index, follow, max-image-preview:large",1350,"no","si","si",36,"Meta 246c (>165); afirmación 'el complejo industrial más grande de México' (hero) vs 'uno de los más grandes' (cuerpo) — inconsistente y absoluta; cifras: '+170,000 tarimas/mes', '170K', BMW/GM/Continental/Faurecia mencionados; solapamiento fuerte con /tarimas-villa-de-reyes (mismo parque, canibalización); plantilla zona ~65% similar"
"/tarimas-wtc-industrial","OK","Tarimas en WTC Industrial (San Luis Potosí) | BestPack Solutions",64,"Tarimas en WTC Industrial, San Luis Potosí: tarimas de madera, recicladas y para exportación HT (NOM-144 / ISPM-15) para las plantas automotrices y centros logísticos del Eje 140. Entrega desde nuestra planta local. Cotiza hoy.",227,"Tarimas en WTC Industrial (San Luis Potosí)","https://www.bestpack.com.mx/tarimas-wtc-industrial","index, follow, max-image-preview:large",1300,"no","si","si",35,"Meta 227c (>165); cifras: '+170K tarimas/mes', 'superior a 170,000 mensuales (más de 2 millones al año)'; datos de terceros muy específicos (WTC III 94 ha, Unison Shanghai/Tesla/Volvo) que pueden caducar; solapamiento con /tarimas-eje-140; plantilla zona ~65% similar"
"/tarimas-villa-de-reyes","OK","Tarimas en Villa de Reyes, San Luis Potosí | BestPack Solutions",63,"Tarimas en Villa de Reyes, SLP: surtimos al parque Logistik (BMW, GM) y a la proveeduría Tier 1, 2 y 3 del cluster automotriz. Tarimas de madera, recicladas y para exportación HT (NOM-144 / ISPM-15) desde nuestra planta en San Luis Potosí. Cotiza al 444 829 0377.",263,"Tarimas en Villa de Reyes, San Luis Potosí","https://www.bestpack.com.mx/tarimas-villa-de-reyes","index, follow, max-image-preview:large",1250,"no","si","si",33,"Meta 263c MUY larga (>165); CANIBALIZACIÓN fuerte con /tarimas-parque-logistik (mismo parque Logistik/BMW/GM en ambas); cifras: '+2 millones de tarimas/año', parque 2,200 ha, '350 empresas automotrices y 166 plantas Tier 1,2,3'; 'cluster' sin acento en meta; plantilla zona ~60% similar"
"/tarimas-eje-140","OK","Tarimas en Eje 140 (corredor industrial San Luis Potosí) | BestPack Solutions",77,"Tarimas en el Eje 140 de la Zona Industrial de San Luis Potosí: madera nuevas, recicladas y para exportación HT (NOM-144 / ISPM-15). Entregamos a Tres Naciones, WTC y Parque Logístico desde nuestra planta local en SLP. Cotiza al 444 829 0377.",242,"Tarimas en Eje 140 (corredor industrial San Luis Potosí)","https://www.bestpack.com.mx/tarimas-eje-140","index, follow, max-image-preview:large",1350,"no","si","si",35,"Meta 242c (>165); title 77c MUY largo; cifras: '+170,000 tarimas/mes', '170K'; solapamiento con /tarimas-wtc-industrial y /tarimas-tres-naciones (los tres cubren el mismo corredor: riesgo de canibalización triple); menciona PEASA, Envases del Plata sin relación declarada; plantilla zona ~65% similar"
"/tarimas-tres-naciones","OK","Tarimas en Parque Tres Naciones (San Luis Potosí) | BestPack Solutions",70,"Tarimas en Parque Tres Naciones, sobre la Carretera 57 en San Luis Potosí: tarimas de madera, recicladas y para exportación HT (NOM-144 / ISPM-15) para la industria automotriz y metalmecánica del parque. Entrega desde nuestra planta local en SLP. Cotiza al 444 829 0377.",270,"Tarimas en Parque Tres Naciones (San Luis Potosí)","https://www.bestpack.com.mx/tarimas-tres-naciones","index, follow, max-image-preview:large",1200,"no","si","si",34,"Meta 270c LA MÁS LARGA del sitio (>165); title 70c largo; cifras: '170K tarimas/mes', 'más de 170,000 al mes (más de 2 millones al año)'; menciona Cummins, Valeo, Eaton, etc. sin relación declarada; solapamiento con /tarimas-eje-140; plantilla zona ~65% similar"
"/blog","OK","Blog | Tarimas, Empaque Industrial y Logística — BestPack Solutions",67,"Guías y artículos sobre tarimas, exportación, ISPM-15, NOM-144, empaque industrial, cartón corrugado y optimización logística. Conocimiento de BestPack Solutions, fabricante de tarimas en San Luis Potosí.",204,"Conocimiento en tarimas y empaque industrial","https://www.bestpack.com.mx/blog","index, follow, max-image-preview:large",330,"no","si (solo nav)","si",25,"Meta 204c (>165); title 67c largo; página más delgada del sitio (~330 palabras, aceptable por ser índice); SIN og:image (el resto del sitio la tiene); listado sin fechas de publicación ni autor visible"
"/blog/que-es-ispm-15","OK","¿Qué es la ISPM-15? Guía de tarimas y embalaje de madera para exportación",73,"ISPM-15 explicada: qué es, qué exige, cómo se aplica el tratamiento térmico (HT), el sello IPPC y por qué tus tarimas de exportación lo necesitan. Guía de BestPack Solutions.",174,"¿Qué es la ISPM-15 y por qué tus tarimas de exportación la necesitan?","https://www.bestpack.com.mx/blog/que-es-ispm-15","index, follow, max-image-preview:large",700,"no","si","si",20,"Meta 174c (ligeramente >165); title 73c largo; SIN og:image; sin fecha de publicación/actualización visible; sin datos estructurados Article aparentes"
"/blog/que-es-nom-144","OK","NOM-144 y tratamiento térmico (HT): guía completa para tarimas de madera",72,"Qué es la NOM-144-SEMARNAT, qué exige al embalaje de madera, cómo funciona el tratamiento térmico HT y su relación con la ISPM-15. Guía de BestPack Solutions, fabricante de tarimas en San Luis Potosí.",200,"NOM-144 y tratamiento térmico (HT): la guía completa","https://www.bestpack.com.mx/blog/que-es-nom-144","index, follow, max-image-preview:large",640,"no","si","si",20,"Meta 200c (>165); title 72c largo; SIN og:image; sin fecha visible"
"/blog/tarimas-nuevas-vs-recicladas","OK","Tarimas nuevas vs. recicladas: ¿cuál conviene a tu operación?",61,"Comparativa entre tarimas nuevas y recicladas: costo, resistencia, vida útil, higiene y sustentabilidad. Descubre cuál conviene a tu empresa. Guía de BestPack Solutions.",169,"Tarimas nuevas vs. recicladas: ¿cuál conviene a tu operación?","https://www.bestpack.com.mx/blog/tarimas-nuevas-vs-recicladas","index, follow, max-image-preview:large",600,"no","si","si",19,"Meta 169c (apenas >165); SIN og:image; sin fecha visible; dice recicladas 'hasta una fracción del precio' vs 30-50% en la página de producto (vaguedad)"
"/blog/como-elegir-una-tarima","OK","Cómo elegir la tarima correcta para tu producto | Guía práctica",63,"Medida, capacidad de carga, tipo de entrada, material y normativa: la guía para elegir la tarima ideal para tu producto y logística. Por BestPack Solutions, fabricante de tarimas en San Luis Potosí.",198,"Cómo elegir la tarima correcta para tu producto","https://www.bestpack.com.mx/blog/como-elegir-una-tarima","index, follow, max-image-preview:large",680,"no","si","si",21,"Meta 198c (>165); SIN og:image; sin fecha visible"
"/blog/precio-de-tarimas-en-san-luis-potosi","OK","Precio de tarimas de madera en San Luis Potosí: qué lo determina | BestPack Solutions",85,"¿Qué determina el precio de una tarima de madera en San Luis Potosí? Medida, madera nueva vs reciclada, calidad, volumen, tratamiento HT y diseño. Guía para cotizar bien con BestPack Solutions.",193,"Precio de tarimas de madera en San Luis Potosí: qué lo determina","https://www.bestpack.com.mx/blog/precio-de-tarimas-en-san-luis-potosi","index, follow, max-image-preview:large",1150,"no","si","si",22,"Meta 193c (>165); title 85c MUY largo; CONTRADICCIÓN: dice tarima estándar '~1,000 kg dinámica y ~1,500 kg estática' mientras /tarimas-de-madera y /blog/cuanto-peso dicen hasta 4,000 kg estática; menciona grado C que no existe en la página de recicladas; cifra: 170,000 tarimas/mes; menciona europalet '1.20 x 0.80 m (tipo europeo)' correcto"
"/blog/cuanto-peso-soporta-una-tarima","OK","Cuánto peso soporta una tarima de madera | BestPack Solutions",61,"¿Cuánto peso soporta una tarima de madera? Te explicamos la carga estática, dinámica y de racking, los factores que la determinan y los rangos reales en kg para que elijas bien.",177,"Cuánto peso soporta una tarima de madera","https://www.bestpack.com.mx/blog/cuanto-peso-soporta-una-tarima","index, follow, max-image-preview:large",1250,"no","si","si",20,"Meta 177c (>165); europalet correcto (1200x800 mm, 1,500 kg dinámica); rangos: 3,000-4,000 kg estática, 1,000-1,500 dinámica, 600-1,000 racking — consistente con /tarimas-de-madera pero CONTRADICE /blog/precio (1,500 estática) y /blog/como-elegir-proveedor (600-1,600 dinámica); SIN fecha visible"
"/blog/tarimas-para-exportacion-a-estados-unidos","OK","Tarimas para exportación a Estados Unidos: requisitos y NOM-144 / ISPM-15 | BestPack Solutions",94,"Requisitos para exportar tarimas a Estados Unidos y Canadá: ISPM-15, tratamiento térmico HT, sello IPPC, NOM-144 y los errores en aduana que retienen embarques. Guía de BestPack Solutions.",188,"Tarimas para exportación a Estados Unidos: requisitos y NOM-144 / ISPM-15","https://www.bestpack.com.mx/blog/tarimas-para-exportacion-a-estados-unidos","index, follow, max-image-preview:large",1200,"no","si","si",21,"Meta 188c (>165); title 94c EL MÁS LARGO del sitio; cita NOM-144-SEMARNAT-2017 (verificar vigencia de la versión citada); sin fecha visible"
"/blog/como-elegir-proveedor-de-tarimas","OK","Cómo elegir un proveedor de tarimas industriales | BestPack Solutions",69,"Guía B2B para elegir proveedor de tarimas industriales: capacidad de producción, certificaciones ISO/ISPM-15, tiempos de entrega, ingeniería de empaque, VMI y cobertura. Checklist incluido.",189,"Cómo elegir un proveedor de tarimas industriales","https://www.bestpack.com.mx/blog/como-elegir-proveedor-de-tarimas","index, follow, max-image-preview:large",1300,"no","si","si",21,"Meta 189c (>165); title 69c largo; cifras: 'más de 170,000 tarimas al mes (superando los 2 millones al año)'; da rango de carga dinámica '600 a 1,600 kg' que difiere de otras páginas (1,000-1,500 / 1,100-2,000): inconsistencia"
"/blog/como-reducir-costos-de-empaque-industrial","OK","Cómo reducir costos de empaque industrial sin perder protección | BestPack Solutions",84,"7 estrategias reales para reducir costos de empaque industrial sin sacrificar protección: right-sizing, empaque retornable, optimización de tarima y camión, VMI e ingeniería de empaque. Guía B2B de BestPack Solutions.",217,"Cómo reducir costos de empaque industrial sin perder protección","https://www.bestpack.com.mx/blog/como-reducir-costos-de-empaque-industrial","index, follow, max-image-preview:large",1250,"no","si","si",21,"Meta 217c (>165); title 84c MUY largo; cita cifras externas (ATA, 40% reducción, 15-20% flete) sin enlaces a fuentes; sin fecha visible"
"/blog/medidas-estandar-de-tarimas","OK","Medidas estandar de tarimas de madera (48x40, 48x45 y mas) | BestPack Solutions",79,"Guia de medidas estandar de tarimas de madera en Mexico y EE.UU.: 48x40 GMA, 48x45, 42x42, europea EPAL 1200x800 y mas. Tabla, cuando usar cada una y tarimas a la medida.",170,"Medidas estandar de tarimas de madera (48x40, 48x45 y mas)",https://www.bestpack.com.mx/blog/medidas-estandar-de-tarimas,"index, follow, max-image-preview:large",1250,"no","si","si",20,"Meta 170c (apenas >165); title 79c largo; PÁGINA COMPLETA SIN ACENTOS (title, H1, meta y todo el cuerpo: 'estandar','Mexico','anos sesenta','Cual') — problema de calidad/encoding evidente; europalet correcto EPAL 1200x800 mm; carga dinámica '1,100 a 2,000 kg' difiere de otras páginas; cifra: 'más de 170,000 tarimas al mes'"
